keyword,semantic_match_keywords,suggestions
asylum,['psychiatrist'],['psychiatrist']
enzyme,"['liver', 'protein', 'grapefruit']","['cortisone', 'hormone', 'liver', 'protein', 'grapefruit']"
recycling,[],['cycling']
walking,"['hiker', 'physiotherapist', 'sunlight']","['running', 'hiker', 'jogging', 'treadmill', 'exercise', 'spastic', 'physiotherapist', 'health', 'recovery', 'sunlight']"
orange juice,['calcium'],"['diabetes', 'calcium']"
prosper,[],"['flourish', 'prosperity', 'do well']"
nursing,[],"['caregiver', 'care', 'healthcare', 'illness']"
richness,[],['prosperity']
socialism,['social security'],['social security']
organic,"['herbal', 'hemp', 'granola', 'yoghurt', 'vegan', 'turnip']","['herbal', 'amino acid', 'nutritious', 'lipid', 'hemp', 'organism', 'granola', 'yoghurt', 'vegan', 'turnip', 'flourish']"
salutation,[],[]
warmth,"['sunlight', 'soup', 'hair', 'sweatpants', 'cyst', 'glowing']","['sunlight', 'soup', 'luxury', 'happiness', 'succor', 'hair', 'sweatpants', 'cyst', 'nourish', 'glowing', 'care']"
accordion,[],[]
ill,"['medication', 'coma', 'hospital', 'medicine', 'leukemia', 'thyroid']","['sick', 'sickness', 'disease', 'medication', 'coma', 'well', 'flu', 'hospital', 'woozy', 'medicine', 'infection']"
thyroid,['pill'],"['hormone', 'pituitary', 'soy', 'pill']"
leukemia,['medication'],['medication']
lipid,"['fatty', 'cholesterol']","['fatty', 'cholesterol', 'lymph']"
broccoli,"['vegetable', 'greens', 'artichoke', 'vegetarian', 'asparagus', 'calcium']","['vegetable', 'greens', 'artichoke', 'vegetarian', 'asparagus', 'calcium', 'juicer', 'nourishment', 'produce', 'nutritious', 'organic']"
steroid,['cholesterol'],"['cortisone', 'dopamine', 'hormone', 'cholesterol']"
gluten,"['wheat', 'vegan', 'gingerbread']","['wheat', 'vegan', 'soy', 'glucose', 'gingerbread']"
fiber,"['hemp', 'granola', 'laxative', 'tofu', 'celery', 'protein']","['bran', 'hemp', 'constipation', 'nutritious', 'granola', 'laxative', 'fiber', 'tofu', 'celery', 'protein', 'broccoli']"
honey,"['yogurt', 'granola', 'chocolate bar', 'yoghurt', 'coma']","['brown sugar', 'succor', 'yogurt', 'h', 'granola', 'chocolate bar', 'yoghurt', 'nourishment', 'coma', 'nourish', 'diabetes']"
stamina,"['cyclist', 'physique']","['endurance', 'vigor', 'cyclist', 'physique', 'constitution']"
vitality,['blueberry'],"['life', 'vital', 'vigor', 'health', 'wellness', 'vitamin', 'blueberry', 'growing']"
smoothie,"['blender', 'juicer', 'juice', 'blueberry', 'pomegranate', 'shake']","['blender', 'juicer', 'juice', 'blueberry', 'pomegranate', 'shake', 'fruit']"
massage,"['spa', 'physiotherapist', 'prostate', 'olive oil', 'physician', 'yoga']","['spa', 'physiotherapist', 'therapy', 'lotion', 'prostate', 'treatment', 'olive oil', 'therapist', 'stroke', 'heal', 'anatomy']"
creativity,[],[]
gingerbread,"['coma', 'cinnamon']","['coma', 'cinnamon']"
organs,"['liver', 'colon', 'intestine', 'kidney']","['vital', 'anatomy', 'liver', 'colon', 'intestine', 'transplant', 'youth', 'kidney', 'organism']"
herb,"['parsley', 'herbal', 'cinnamon', 'echidna', 'hemp', 'herbivore']","['parsley', 'herbal', 'cinnamon', 'echidna', 'h', 'hemp', 'aloe', 'heal', 'herbivore', 'garlic']"
sushi,"['vegan', 'tofu']","['soy', 'vegan', 'tofu']"
cycling,['bike'],"['bike', 'recycling', 'lifestyle', 'dopamine', 'blood pressure', 'training', 'workout']"
runner,"['jogger', 'athlete', 'walker', 'cyclist', 'run']","['jogger', 'athlete', 'walker', 'cyclist', 'endurance', 'treadmill', 'thin', 'lean', 'jog', 'run', 'running']"
old age,"['social security', 'ulcer']","['retirement', 'social security', 'constipation', 'ulcer', 'diabetes']"
bike,"['cyclist', 'bicycle', 'artichoke', 'juicer', 'bike', 'fitness']","['cycling', 'cyclist', 'bicycle', 'exercise', 'artichoke', 'juicer', 'fit', 'calorie', 'jog', 'health', 'bike']"
granola,"['yoghurt', 'hemp', 'vegetarian', 'honey']","['yoghurt', 'bran', 'hemp', 'vegetarian', 'honey']"
swim,"['semen', 'sport', 'run', 'tampon', 'lung', 'swim']","['stroke', 'semen', 'sport', 'refresh', 'jog', 'endurance', 'jogging', 'run', 'tampon', 'lung', 'swim']"
maintain,[],"['improve', 'recover', 'diagnose', 'health']"
cigarette,"['nicotine', 'smoker', 'cigar', 'lung', 'herbal']","['nicotine', 'smoker', 'cigar', 'lung', 'arsenic', 'herbal', 'stroke']"
mental illness,"['psychiatry', 'psychiatrist']","['psychiatry', 'therapy', 'psychiatrist', 'syndrome', 'psychologist', 'depression']"
grapefruit,"['pomegranate', 'tangerine', 'juice', 'fruit']","['pomegranate', 'tangerine', 'juice', 'fruit']"
spa,"['sauna', 'massage', 'yoga']","['sauna', 'treatment', 'luxury', 'spastic', 'cleansing', 'aesthetics', 'massage', 'wellness', 'refresh', 'therapy', 'yoga']"
constitution,['physique'],"['vigor', 'physique', 'endurance', 'stamina']"
faculty,[],[]
sanitation,['inspector'],"['hygiene', 'sanitation', 'treatment', 'inspector']"
worsen,[],['decline']
epidemic,"['vaccine', 'obese', 'measles', 'survivor']","['infect', 'disease', 'vaccine', 'obese', 'measles', 'survivor', 'aids', 'flu', 'infection']"
geyser,['smoker'],['smoker']
finality,[],['die']
ensure,[],['insure']
oral,"['dental', 'dentist']","['hygiene', 'dental', 'examination', 'stroke', 'dentist']"
willpower,[],"['constitution', 'stamina', 'psyche', 'endurance']"
aids,"['vaccine', 'cancer', 'vaccination']","['disease', 'aid', 'immune', 'vaccine', 'syndrome', 'cure', 'prevention', 'treatment', 'aids', 'cancer', 'infection']"
booze,[],"['alcoholic', 'woozy']"
endurance,['hiker'],"['stamina', 'vigor', 'lasting', 'hiker', 'jog']"
limited,[],"['lifestyle', 'premium']"
asthma,"['smog', 'stethoscope', 'lung']","['smog', 'cortisone', 'steroid', 'stethoscope', 'lung']"
fingernail,['fingernail'],['fingernail']
failing,['world'],['world']
improve,[],"['recover', 'do well', 'prosper', 'heal', 'remedy', 'osmosis', 'promote', 'cleanse', 'benefit', 'recovery']"
luxury,"['spa', 'crystal', 'vegan']","['spa', 'premium', 'crystal', 'lifestyle', 'vegan', 'wealth', 'happiness', 'riches', 'air conditioning', 'fine']"
bran,"['laxative', 'climber']","['fiber', 'constipation', 'laxative', 'climber', 'nutritious']"
goodness,[],"['wellness', 'bless', 'patient', 'benefit', 'angel']"
pharmacy,"['drugstore', 'chemist', 'medicine', 'drug', 'medication', 'antiseptic']","['drugstore', 'chemist', 'pharmacist', 'medicine', 'drug', 'medication', 'dose', 'insulin', 'cortisone', 'treatment', 'hygiene']"
angel,['protector'],"['bless', 'protector', 'charity', 'nurture']"
chromosome,[],"['gene', 'genetics']"
tampon,[],[]
therapy,"['psychiatrist', 'psychiatry', 'massage', 'physiotherapist', 'spa', 'medication']","['psychologist', 'psychiatrist', 'gene', 'therapist', 'hormone', 'psychiatry', 'massage', 'physiotherapist', 'treatment', 'psyche', 'physiology']"
disease,"['measles', 'cancer', 'leukemia', 'vaccination', 'vaccine', 'thyroid']","['epidemic', 'infect', 'syndrome', 'infection', 'aids', 'diagnose', 'measles', 'cancer', 'cure', 'immune', 'sickness']"
calorie,['vegetable'],"['glucose', 'vegetable']"
grave,[],"['die', 'citation']"
drugstore,['pharmacy'],"['pharmacist', 'pharmacy', 'pick up']"
schizophrenia,['psychiatry'],"['spastic', 'psychiatry', 'mental']"
antidote,[],"['cure', 'insulin', 'remedy']"
first aid,"['medic', 'antiseptic']","['aid', 'medic', 'emergency', 'recover', 'heal', 'antiseptic', 'cure', 'injure']"
tummy,['intestine'],"['intestine', 'constipation', 'anatomy', 'medical']"
ethics,[],['training']
jogging,"['sweatpants', 'walking', 'jogger', 'walker', 'yoghurt', 'run']","['running', 'sweatpants', 'walking', 'jogger', 'walker', 'yoghurt', 'jog', 'run']"
aerobics,['yoga'],"['workout', 'work out', 'yoga']"
sector,[],"['services', 'sector']"
tangerine,['nicotine'],['nicotine']
citation,[],[]
dentist,"['tooth', 'floss', 'teeth', 'dental', 'toothpick', 'doctor']","['tooth', 'floss', 'teeth', 'dental', 'toothpick', 'doctor', 'woozy', 'assistant', 'healthcare', 'provider', 'hygiene']"
scrubs,"['nurse', 'surgeon', 'coma']","['nurse', 'medical', 'patient', 'surgeon', 'nursing', 'coma', 'surgery']"
critical,[],"['vital', 'damage', 'discharge', 'emergency']"
caffeine,"['drug', 'nicotine']","['pick up', 'drug', 'nicotine']"
rain forest,[],[]
gift,"['providence', 'provider']","['benefit', 'bless', 'charity', 'providence', 'provider', 'thin']"
h,[],"['h', 'heal']"
psychosis,['psychiatry'],"['syndrome', 'breakdown', 'psychiatry']"
health,"['fitness', 'medicine', 'vaccination', 'cholesterol', 'clinic', 'doctor']","['wellness', 'fitness', 'sickness', 'vitamin', 'blood pressure', 'mental', 'hygiene', 'medicine', 'vaccination', 'constitution', 'prevention']"
pill,"['medicine', 'medication', 'antibiotic', 'drug', 'laxative', 'pharmacy']","['medicine', 'dose', 'vitamin', 'medication', 'antibiotic', 'drug', 'laxative', 'pharmacy', 'hormone', 'remedy', 'cure']"
regime,[],"['cleansing', 'diet', 'exercise']"
sunlight,[],"['sunscreen', 'vitamin']"
fifty,[],[]
go down,[],[]
lifestyle,['vegan'],"['vegan', 'improve', 'wellness', 'health']"
fibre,[],[]
heart attack,"['cholesterol', 'cyst', 'fatty']","['stroke', 'cholesterol', 'stoke', 'lipid', 'cortisone', 'cyst', 'fatty']"
cleansing,"['antibiotic', 'sauna']","['sanitation', 'antibiotic', 'hygiene', 'sauna']"
brave,"['climber', 'protector', 'survivor', 'athlete', 'heart']","['climber', 'protector', 'survivor', 'athlete', 'heart']"
riches,"['providence', 'crystal']","['wealth', 'prosperity', 'providence', 'prosper', 'crystal', 'luxury']"
calcium,"['yogurt', 'yoghurt', 'vegetarian', 'calcium']","['vitamin', 'yogurt', 'yoghurt', 'vegetarian', 'calcium']"
juice,"['grapefruit', 'juicer', 'lime', 'pomegranate', 'orange juice', 'carrot']","['grapefruit', 'juicer', 'lime', 'pomegranate', 'cleansing', 'orange juice', 'carrot', 'pear', 'fruit', 'cleanse', 'apple']"
eternal,[],"['lasting', 'die', 'life', 'well']"
provide,"['providence', 'advocate', 'provider', 'protector']","['provision', 'nourish', 'providence', 'services', 'insure', 'succor', 'healthcare', 'advocate', 'provider', 'protector', 'nourishment']"
ulcer,[],[]
insurance,"['provider', 'insured', 'dental', 'physiotherapist', 'social security', 'pharmacy']","['insure', 'healthcare', 'provider', 'premium', 'benefit', 'insured', 'dental', 'health', 'physiotherapist', 'social security', 'damage']"
bondage,[],[]
delicate,['crystal'],"['fine', 'crystal', 'surgery']"
lymph,[],[]
fitness,"['physique', 'jogger', 'cyclist', 'hiker', 'walker', 'run']","['aerobics', 'wellness', 'work out', 'exercise', 'jogging', 'health', 'physique', 'fit', 'jogger', 'jog', 'workout']"
athletics,"['sport', 'sweatpants', 'walker']","['sport', 'sweatpants', 'walker', 'endurance', 'running', 'stamina', 'training']"
pituitary,['thyroid'],['thyroid']
measles,"['vaccination', 'vaccine']","['vaccination', 'vaccine', 'disease']"
system,"['social security', 'liver', 'organs']","['immune', 'lymph', 'healthcare', 'social security', 'failing', 'malfunction', 'regime', 'sector', 'liver', 'genetics', 'organs']"
yoghurt,[],[]
disinfectant,[],"['cleansing', 'hygiene']"
immune,['vaccine'],"['lymph', 'prevention', 'recover', 'aids', 'disease', 'vaccine']"
prosperity,[],[]
turnip,"['leek', 'parsley', 'vegetable']","['leek', 'parsley', 'vegetable']"
brown sugar,[],[]
artery,"['aorta', 'cholesterol']","['aorta', 'cholesterol', 'pulse']"
injection,"['vaccination', 'vaccine', 'antidote', 'antibiotic', 'medic', 'doctor']","['insulin', 'cortisone', 'vaccination', 'vaccine', 'hormone', 'steroid', 'veterinarian', 'antidote', 'prevention', 'epidemic', 'immune']"
worry,['ulcer'],"['crisis', 'problem', 'scare', 'care', 'failing', 'prevention', 'inspection', 'ulcer', 'diabetes', 'sick', 'depression']"
gas,"['smog', 'intestine', 'gluten', 'thermometer']","['nitrogen', 'premium', 'smog', 'intestine', 'enzyme', 'discharge', 'detector', 'diet', 'gluten', 'thermometer']"
insured,[],['insure']
promote,['advocate'],"['advocate', 'prevention']"
risk,"['frisk', 'insured', 'climber', 'cyclist', 'hospital']","['hazard', 'frisk', 'insured', 'insure', 'climber', 'cyclist', 'hospital']"
intestine,"['colon', 'organs']","['colon', 'hernia', 'organs', 'constipation']"
hazard,['evacuate'],['evacuate']
sickness,"['cancer', 'hospital', 'measles', 'medication', 'vaccination', 'antibiotic']","['illness', 'disease', 'flu', 'infect', 'syndrome', 'cancer', 'hospital', 'cure', 'infection', 'epidemic', 'measles']"
insulin,['thyroid'],"['diabetes', 'glucose', 'injection', 'pituitary', 'thyroid', 'dose']"
discharge,['semen'],['semen']
salad,"['greens', 'olive oil', 'celery', 'fruit', 'artichoke', 'turnip']","['greens', 'olive oil', 'celery', 'fruit', 'diet', 'artichoke', 'turnip', 'parsley', 'tofu', 'vegetarian', 'carrot']"
sanity,['psychiatrist'],"['recover', 'healthcare', 'health', 'psychiatrist']"
healthcare,"['social security', 'provider', 'insured', 'drugstore', 'jogger', 'medicine']","['social security', 'provider', 'benefit', 'lymph', 'insured', 'treatment', 'drugstore', 'jogger', 'medicine', 'care', 'clinic']"
heartbeat,['stethoscope'],"['pulse', 'stethoscope', 'aerobics', 'blood pressure']"
forecast,[],[]
amino acid,"['protein', 'olive oil']","['protein', 'enzyme', 'olive oil']"
disorder,"['thyroid', 'asthma', 'psychiatry']","['syndrome', 'eating', 'thyroid', 'treatment', 'mental', 'psyche', 'hoarding', 'immune', 'asthma', 'chromosome', 'diagnose']"
flu,"['vaccine', 'vaccination', 'thermometer', 'intestine', 'physician', 'soup']","['epidemic', 'sickness', 'illness', 'vaccine', 'sick', 'vaccination', 'ill', 'infection', 'dose', 'air conditioning', 'thermometer']"
recovery,"['physiotherapist', 'medicine', 'antidote', 'medication', 'spa']","['physiotherapist', 'surgery', 'recover', 'illness', 'patient', 'treatment', 'breakdown', 'medicine', 'cure', 'therapy', 'antidote']"
restore,[],"['heal', 'recover', 'refresh']"
heal,"['medicine', 'physician', 'medic', 'nurse', 'guru', 'disinfectant']","['cure', 'recover', 'remedy', 'medicine', 'physician', 'recovery', 'h', 'medic', 'therapy', 'nurse', 'cortisone']"
laboratory,"['chemist', 'assistant']","['chemist', 'microbe', 'assistant', 'healthcare', 'inspection', 'wellness', 'enzyme', 'insulin', 'disease', 'pharmacist']"
frisk,[],[]
veterinarian,['clinic'],"['vet', 'clinic']"
care,"['nurse', 'dental', 'hospital', 'provider', 'medic', 'clinic']","['nurture', 'nurse', 'treatment', 'nursing', 'health', 'dental', 'hospital', 'provider', 'nourish', 'succor', 'insure']"
humor,['doctor'],"['humor', 'wellness', 'doctor', 'sick']"
mental health,"['psychiatry', 'psychiatrist']","['psychiatry', 'psychologist', 'psychiatrist', 'therapist', 'recovery', 'depression']"
diagnose,['psychiatry'],['psychiatry']
spastic,['colon'],['colon']
air conditioning,[],[]
clinic,"['hospital', 'dental', 'physician', 'physiotherapist', 'medic', 'dentist']","['vet', 'therapy', 'medical', 'hospital', 'dental', 'healthcare', 'physician', 'physiotherapist', 'wellness', 'patient', 'veterinarian']"
treatment,"['spa', 'physiotherapist', 'antibiotic', 'antidote', 'medication', 'medicine']","['therapy', 'spa', 'cortisone', 'physiotherapist', 'antibiotic', 'first aid', 'disease', 'antidote', 'medication', 'hormone', 'diagnose']"
improvement,"['physiotherapist', 'clinic']","['improve', 'benefit', 'training', 'recovery', 'promote', 'physiotherapist', 'treatment', 'prosper', 'clinic', 'promotion']"
examination,"['prostate', 'colon', 'laboratory', 'stethoscope']","['prostate', 'inspection', 'failing', 'colon', 'diagnose', 'laboratory', 'stethoscope', 'medical']"
flourish,['dental'],"['prosper', 'do well', 'nourish', 'prosperity', 'dental']"
walk,"['run', 'hiker', 'walker', 'bicycle', 'walking']","['run', 'jog', 'treadmill', 'hiker', 'exercise', 'walker', 'constitution', 'calorie', 'running', 'bicycle', 'walking']"
youth,"['measles', 'body']","['vigor', 'eagerness', 'measles', 'brave', 'prime', 'old age', 'tonic', 'running', 'growing', 'body', 'pulse']"
coma,['vegetable'],"['vegetable', 'spastic', 'insulin', 'diabetes']"
treadmill,['run'],"['workout', 'work out', 'jog', 'running', 'aerobics', 'calorie', 'run', 'exercise']"
olive oil,['salad'],"['vigor', 'salad']"
wishing,[],"['well', 'eagerness', 'do well']"
cyst,[],[]
sustain,[],"['nourish', 'heartbeat', 'recover', 'benefit', 'stamina']"
ageless,[],['youth']
malfunction,[],[]
assurance,[],[]
alcoholism,[],"['disease', 'recovery']"
thin,"['vegan', 'asparagus', 'toothpick', 'leek', 'cyclist', 'fitness']","['lean', 'fine', 'diet', 'vegan', 'fiber', 'fit', 'asparagus', 'toothpick', 'leek', 'shape', 'cyclist']"
manage,['run'],"['run', 'do well', 'overcome', 'shape', 'endurance', 'promotion']"
vegetarian,"['tofu', 'herbivore', 'vegan', 'vegetable', 'granola']","['tofu', 'herbivore', 'vegan', 'soy', 'veterinarian', 'vegetable', 'granola', 'diet']"
feeling,"['social security', 'heart']","['well', 'lasting', 'positivity', 'social security', 'aesthetics', 'humor', 'nag', 'hormone', 'wellness', 'happiness', 'warmth']"
walker,"['hiker', 'jogger']","['hiker', 'jogger']"
provider,"['provider', 'protector']","['services', 'caregiver', 'healthcare', 'provider', 'protector', 'psychologist']"
climber,['hiker'],['hiker']
medicine,"['antibiotic', 'pharmacy', 'pill', 'antidote', 'doctor', 'physician']","['dose', 'antibiotic', 'pharmacy', 'pill', 'remedy', 'pharmacist', 'antidote', 'cure', 'doctor', 'physician', 'drugstore']"
infect,['antiseptic'],"['antiseptic', 'lotion']"
aloe,[],"['lotion', 'sunscreen']"
semen,"['yoghurt', 'juice']","['yoghurt', 'discharge', 'juice']"
fruit,"['pomegranate', 'pear', 'tangerine', 'apple', 'blueberry', 'juice']","['pomegranate', 'pear', 'tangerine', 'apple', 'blueberry', 'produce', 'juice', 'lime', 'vegetable', 'juicer', 'grapefruit']"
bleed,"['floss', 'run', 'tampon']","['floss', 'first aid', 'injure', 'run', 'tampon']"
garlic,"['leek', 'olive oil', 'herb']","['leek', 'robust', 'olive oil', 'herb']"
asparagus,"['artichoke', 'broccoli', 'parsley', 'greens']","['artichoke', 'broccoli', 'parsley', 'greens']"
pomegranate,[],[]
meth,"['crystal', 'chemist', 'drug']","['crystal', 'chemist', 'drug']"
repulse,[],[]
inspector,[],"['inspection', 'detector', 'examination']"
training,"['athlete', 'physique', 'physiotherapist', 'mandatory', 'bike', 'fitness']","['athlete', 'safety', 'aerobics', 'physique', 'endurance', 'exercise', 'treadmill', 'physiotherapist', 'mandatory', 'regime', 'first aid']"
breakdown,[],"['malfunction', 'enzyme', 'mental', 'crisis', 'overcome', 'depression']"
happiness,"['providence', 'glowing', 'cinnamon', 'sunlight']","['prosperity', 'positivity', 'health', 'wellness', 'dopamine', 'prosper', 'marriage', 'wealth', 'lifestyle', 'insure', 'humor']"
plumbing,[],"['services', 'constipation', 'inspection']"
cope,[],"['do well', 'heal']"
careless,[],[]
produce,"['hemp', 'wheat']","['organic', 'hemp', 'flourish', 'produce', 'wheat']"
heart,"['aorta', 'artery', 'organs', 'stethoscope', 'artichoke', 'cholesterol']","['aorta', 'artery', 'pulse', 'transplant', 'organs', 'stethoscope', 'stroke', 'heartbeat', 'artichoke', 'brave', 'cholesterol']"
unknowing,[],[]
exercise,"['fitness', 'jogger', 'yoga', 'sweatpants', 'physiotherapist', 'walking']","['work out', 'aerobics', 'treadmill', 'workout', 'jog', 'fitness', 'jogging', 'jogger', 'yoga', 'activity', 'walk']"
protector,"['advocate', 'provider']","['advocate', 'provider', 'angel', 'detector']"
celery,"['vegetable', 'parsley', 'vegetarian', 'carrot', 'garlic', 'broccoli']","['vegetable', 'peanut butter', 'parsley', 'vegetarian', 'carrot', 'garlic', 'broccoli']"
surgeon,"['scrubs', 'doctor', 'physician', 'artery', 'stethoscope', 'nurse']","['surgery', 'scrubs', 'doctor', 'transplant', 'physician', 'vet', 'artery', 'stethoscope', 'nurse', 'medical']"
consciousness,[],"['psyche', 'humans']"
charity,['advocate'],"['benefit', 'aid', 'advocate', 'aids', 'organism']"
nature,"['greens', 'hiker', 'herbal', 'walking', 'climber', 'survivor']","['nurture', 'walk', 'greens', 'hiker', 'recycling', 'herbal', 'walking', 'nourish', 'genetics', 'organic', 'lasting']"
psychiatrist,"['physiotherapist', 'drug', 'medication']","['psychologist', 'therapist', 'therapy', 'physiotherapist', 'psyche', 'patient', 'drug', 'medication', 'depression']"
aborigine,[],[]
herbivore,['vegetarian'],['vegetarian']
running,"['walking', 'athlete', 'jogger', 'fitness', 'sport', 'sweatpants']","['jogging', 'treadmill', 'walking', 'endurance', 'athletics', 'athlete', 'jogger', 'stamina', 'training', 'work out', 'fitness']"
world,"['physique', 'greens']","['humans', 'nature', 'crisis', 'starting', 'physique', 'epidemic', 'improve', 'overcome', 'aids', 'brave', 'aid']"
glowing,[],['health']
leek,"['soup', 'vegetable']","['soup', 'vegetable']"
life,"['aorta', 'insured', 'survivor', 'lung', 'heart', 'fitness']","['heartbeat', 'organism', 'vital', 'pulse', 'failing', 'insure', 'aorta', 'vigor', 'insured', 'lifestyle', 'survivor']"
nurse,"['doctor', 'hospital', 'scrubs', 'medic', 'stethoscope', 'clinic']","['caregiver', 'doctor', 'hospital', 'scrubs', 'medical', 'medic', 'stethoscope', 'healthcare', 'clinic', 'patient', 'first aid']"
diabetes,"['obese', 'orange juice', 'cholesterol', 'kidney']","['insulin', 'glucose', 'obese', 'amino acid', 'orange juice', 'cholesterol', 'kidney', 'injection']"
cholesterol,['fatty'],"['lipid', 'blood pressure', 'fatty']"
birth control,"['pill', 'pharmacy']","['pill', 'prevention', 'hormone', 'pharmacist', 'pharmacy']"
fate,['providence'],"['providence', 'crisis', 'ill']"
physiotherapist,[],"['spastic', 'therapist']"
wrestler,[],[]
laxative,['herbal'],"['constipation', 'fiber', 'herbal']"
pear,"['apple', 'fruit', 'tangerine', 'carrot', 'juice']","['apple', 'fruit', 'shape', 'tangerine', 'carrot', 'juice', 'angel']"
starting,[],[]
osmosis,[],[]
body,"['physique', 'corporal', 'organs', 'lung', 'physiotherapist', 'colon']","['anatomy', 'physique', 'physiology', 'corporal', 'organs', 'lotion', 'lung', 'lymph', 'hormone', 'enzyme', 'physiotherapist']"
hair,"['floss', 'moisture', 'fingernail', 'nurse', 'hiker', 'vegan']","['fine', 'fiber', 'tonic', 'h', 'floss', 'thin', 'hygiene', 'moisture', 'fingernail', 'angel', 'growing']"
filth,[],[]
providence,[],[]
activity,"['sport', 'walking', 'cyclist', 'caffeine', 'fitness']","['exercise', 'aerobics', 'sport', 'enzyme', 'treatment', 'sector', 'walking', 'youth', 'cyclist', 'caffeine', 'jogging']"
remedy,"['herbal', 'antidote', 'medication', 'potion', 'drugstore', 'drug']","['herbal', 'antidote', 'cure', 'tonic', 'medication', 'potion', 'cortisone', 'treatment', 'drugstore', 'disease', 'sickness']"
lung,"['smoker', 'asthma', 'cancer', 'heart', 'cigarette', 'artery']","['smoker', 'transplant', 'asthma', 'cancer', 'heart', 'cigarette', 'artery', 'ulcer', 'illness', 'liver', 'kidney']"
well-being,"['athlete', 'fitness', 'medication']","['safety', 'wellness', 'happiness', 'athlete', 'health', 'fitness', 'medication']"
soy,"['tofu', 'vegan', 'protein', 'sushi', 'calcium', 'yogurt']","['tofu', 'vegan', 'protein', 'sushi', 'calcium', 'yogurt']"
stroke,"['swim', 'massage', 'cholesterol']","['swim', 'blood pressure', 'stoke', 'massage', 'cholesterol', 'physiology', 'heartbeat', 'veterinarian', 'old age']"
pizza,"['artichoke', 'garlic', 'junk food', 'gluten', 'parsley', 'vegetarian']","['artichoke', 'garlic', 'junk food', 'eating', 'sector', 'diet', 'gluten', 'parsley', 'vegetarian', 'blood pressure', 'herb']"
hygiene,"['dental', 'floss', 'toothpick', 'tampon', 'scrubs', 'dentist']","['dental', 'sanitation', 'floss', 'toothpick', 'tampon', 'scrubs', 'cleanse', 'dentist', 'clinic', 'corporal', 'epidemic']"
vegan,"['vegetarian', 'tofu', 'herbivore', 'hemp', 'gluten', 'protein']","['vegetarian', 'tofu', 'herbivore', 'soy', 'veterinarian', 'hemp', 'amino acid', 'lifestyle', 'diet', 'gluten', 'protein']"
supplement,"['herbal', 'liver', 'calcium']","['vitamin', 'herbal', 'amino acid', 'hormone', 'nourishment', 'nourish', 'liver', 'calcium']"
arsenic,[],[]
nudity,['sauna'],"['sauna', 'nature']"
echidna,[],[]
soup,"['leek', 'turnip', 'celery', 'blender', 'vegetable', 'broccoli']","['leek', 'turnip', 'celery', 'blender', 'vegetable', 'broccoli', 'parsley', 'carrot', 'tofu', 'warmth', 'nutritious']"
transplant,"['kidney', 'organs', 'lung', 'liver', 'leukemia']","['kidney', 'organs', 'lung', 'liver', 'leukemia']"
juicer,"['orange juice', 'blender']","['orange juice', 'blender']"
blueberry,"['yogurt', 'yoghurt']","['yogurt', 'yoghurt']"
sexual,"['organs', 'glowing']","['services', 'organs', 'heal', 'glowing', 'therapist', 'bondage']"
antibiotic,"['disinfectant', 'antiseptic', 'antidote']","['infection', 'disinfectant', 'microbe', 'illness', 'vital', 'antiseptic', 'cure', 'antidote']"
persist,[],"['overcome', 'endurance']"
prime,[],"['premium', 'athletics']"
disposition,[],"['humor', 'nature']"
root,"['turnip', 'carrot', 'vegetable', 'artery', 'leek', 'tooth']","['turnip', 'carrot', 'vegetable', 'artery', 'leek', 'prime', 'tooth', 'growing', 'hair']"
toll,[],['damage']
eating,"['herbivore', 'toothpick', 'tooth', 'vegetarian', 'obese', 'garlic']","['herbivore', 'nourishment', 'diet', 'toothpick', 'enzyme', 'nourish', 'problem', 'tooth', 'vegetarian', 'calorie', 'obese']"
happening,['providence'],"['providence', 'crisis', 'promote']"
evacuate,[],['discharge']
smog,[],[]
cleanse,"['disinfectant', 'sauna', 'laxative', 'colon', 'juicer']","['disinfectant', 'sanitation', 'sauna', 'laxative', 'aloe', 'colon', 'juicer']"
carrot,"['vegetable', 'turnip', 'celery', 'juicer', 'vegetarian', 'root']","['vegetable', 'turnip', 'celery', 'juicer', 'vegetarian', 'root', 'vegan', 'broccoli', 'salad', 'soup', 'lean']"
colon,"['intestine', 'ulcer', 'coma', 'cancer']","['intestine', 'spastic', 'cleanse', 'constipation', 'ulcer', 'coma', 'cancer']"
corporal,"['sergeant', 'body']","['sergeant', 'body']"
dopamine,[],['cortisone']
medic,"['physician', 'doctor', 'ulcer', 'clinic', 'posture']","['first aid', 'physician', 'heal', 'doctor', 'medical', 'ulcer', 'diagnose', 'aid', 'clinic', 'posture']"
work out,"['fitness', 'sweatpants']","['exercise', 'fitness', 'sweatpants', 'diagnose', 'fit', 'jog']"
closure,[],[]
depression,"['psychiatrist', 'psychiatry', 'cholesterol', 'pill', 'nurse']","['dopamine', 'breakdown', 'psychiatrist', 'failing', 'therapy', 'psychiatry', 'psychologist', 'positivity', 'overcome', 'cholesterol', 'old age']"
environment,"['gas', 'bicycle', 'world', 'bike', 'greens', 'rain forest']","['recycling', 'gas', 'nature', 'crisis', 'system', 'regime', 'bicycle', 'problem', 'world', 'bike', 'cycling']"
growing,[],"['hormone', 'organism']"
thermometer,[],"['sick', 'vet', 'ill', 'blood pressure']"
therapist,"['physiotherapist', 'massage', 'psychiatry', 'psychiatrist', 'physician']","['psychologist', 'therapist', 'physiotherapist', 'massage', 'therapy', 'psychiatry', 'psychiatrist', 'physician']"
toothbrush,"['teeth', 'tooth', 'dental', 'toothpick', 'floss']","['teeth', 'hygiene', 'tooth', 'dental', 'toothpick', 'floss']"
beneficial,"['social security', 'orange juice']","['nutritious', 'exercise', 'healthcare', 'social security', 'activity', 'orange juice']"
crisis,['crystal'],"['emergency', 'epidemic', 'hazard', 'breakdown', 'crystal', 'aid']"
posture,['yoga'],['yoga']
patient,"['doctor', 'hospital', 'nurse', 'coma', 'clinic', 'cancer']","['doctor', 'mental', 'hospital', 'nurse', 'coma', 'clinic', 'caregiver', 'cancer', 'psychiatrist', 'treatment', 'stroke']"
sauna,['spa'],"['spa', 'wellness', 'cleanse']"
microbe,['yogurt'],"['organism', 'yogurt']"
toothpick,[],[]
tonic,"['potion', 'medication']","['potion', 'remedy', 'medication']"
provision,[],[]
complication,[],[]
sergeant,['corporal'],"['corporal', 'inspection']"
blender,['juicer'],['juicer']
smoker,"['cigar', 'cigarette', 'nicotine']","['alcoholic', 'cigar', 'cigarette', 'nicotine']"
thrive,[],"['flourish', 'prosper', 'do well', 'succor']"
injure,[],['damage']
jogger,['hiker'],"['jogging', 'hiker', 'running']"
problem,"['thyroid', 'root', 'drug', 'cyst', 'asthma', 'gluten']","['crisis', 'malfunction', 'syndrome', 'diagnose', 'remedy', 'thyroid', 'root', 'hoarding', 'alcoholic', 'stroke', 'drug']"
state of mind,[],['psyche']
cancer,"['leukemia', 'prostate', 'colon', 'cigarette', 'lung', 'smoker']","['leukemia', 'prostate', 'cure', 'colon', 'cigarette', 'lymph', 'lung', 'smoker', 'thyroid', 'treatment', 'diagnose']"
stealth,[],['wealth']
loathing,[],[]
parsley,"['herb', 'vegan', 'turnip', 'celery']","['herb', 'vegan', 'turnip', 'celery']"
stoke,[],['stroke']
protein,"['tofu', 'gluten', 'yoghurt', 'hemp', 'vegan', 'antibiotic']","['amino acid', 'enzyme', 'soy', 'tofu', 'peanut butter', 'gluten', 'lipid', 'yoghurt', 'nutritious', 'hemp', 'vegan']"
secretary,"['assistant', 'dentist']","['assistant', 'dentist']"
yoga,"['guru', 'sweatpants', 'yoghurt', 'fitness', 'posture', 'body']","['guru', 'sweatpants', 'aerobics', 'exercise', 'cleansing', 'yoghurt', 'wellness', 'psyche', 'salutation', 'refresh', 'fitness']"
sodium,"['celery', 'cholesterol', 'calcium']","['soy', 'celery', 'cholesterol', 'vitamin', 'calcium']"
inspection,[],['examination']
constipation,"['laxative', 'colon']","['laxative', 'bran', 'hernia', 'colon']"
synapse,[],['dopamine']
shape,"['pear', 'physique', 'kidney', 'crystal', 'liver', 'fitness']","['pear', 'physique', 'kidney', 'fit', 'physiology', 'aesthetics', 'aerobics', 'crystal', 'liver', 'calorie', 'jogging']"
vigor,[],"['health', 'wellness', 'stamina', 'athletics']"
neat,[],"['clean', 'hygiene']"
psychologist,"['psychiatrist', 'psychiatry', 'physiotherapist']","['therapist', 'therapy', 'psychiatrist', 'psyche', 'psychiatry', 'physiotherapist', 'treatment', 'depression']"
pick up,[],[]
blame,[],['failing']
libido,[],"['hormone', 'stamina']"
sweatpants,"['jogger', 'fitness']","['jogger', 'aerobics', 'fitness']"
pulse,"['blender', 'glowing', 'heart']","['heartbeat', 'blender', 'repulse', 'life', 'glowing', 'vital', 'blood pressure', 'work out', 'heart']"
benefit,"['social security', 'providence', 'drug']","['social security', 'charity', 'providence', 'improve', 'promote', 'fit', 'cure', 'health', 'drug']"
doctor,"['physician', 'stethoscope', 'surgeon', 'medic', 'medicine', 'clinic']","['physician', 'stethoscope', 'surgeon', 'medical', 'medic', 'medicine', 'diagnose', 'clinic', 'nurse', 'patient', 'psychiatrist']"
gene,[],"['chromosome', 'genetics', 'amino acid']"
heath,['chocolate bar'],"['chocolate bar', 'hygiene', 'medical']"
frying,['olive oil'],['olive oil']
physique,['athlete'],"['physiology', 'athlete']"
infection,"['antibiotic', 'disinfectant', 'kidney', 'cyst', 'antiseptic', 'vaccine']","['antibiotic', 'infect', 'disease', 'disinfectant', 'lymph', 'microbe', 'kidney', 'cyst', 'discharge', 'antiseptic', 'injection']"
alcoholic,['booze'],"['recover', 'prevention', 'recovery', 'booze']"
astronomy,[],[]
recover,['cancer'],"['heal', 'hydrate', 'pick up', 'injure', 'cancer', 'recovery']"
anatomy,"['lung', 'aorta', 'thyroid', 'physique', 'colon', 'intestine']","['physiology', 'lung', 'lymph', 'aorta', 'thyroid', 'physique', 'colon', 'intestine', 'liver', 'organs', 'body']"
contentment,['glowing'],"['happiness', 'glowing']"
living,"['assistant', 'survivor', 'body', 'corporal', 'yoghurt', 'vegetable']","['organism', 'lifestyle', 'life', 'assistant', 'heartbeat', 'survivor', 'vital', 'body', 'corporal', 'yoghurt', 'transplant']"
eagerness,[],[]
psychiatry,"['doctor', 'medication']","['psychologist', 'asylum', 'therapist', 'therapy', 'doctor', 'medication']"
wheat,"['gluten', 'granola', 'provider']","['gluten', 'bran', 'granola', 'fiber', 'treadmill', 'provider', 'thin', 'flourish', 'soy', 'neat', 'prosperity']"
defensive,[],[]
tofu,"['vegetarian', 'vegan', 'protein']","['soy', 'vegetarian', 'vegan', 'protein']"
vitamin,"['calcium', 'orange juice', 'pill', 'protein', 'juicer', 'lime']","['calcium', 'nourish', 'nutritious', 'orange juice', 'pill', 'protein', 'lipid', 'amino acid', 'enzyme', 'juicer', 'nourishment']"
junk food,"['pizza', 'cholesterol']","['pizza', 'cholesterol']"
learning,"['clinic', 'advocate']","['training', 'osmosis', 'failing', 'clinic', 'improve', 'eagerness', 'physiology', 'advocate', 'life', 'work out', 'growing']"
mattress,['yoga'],['yoga']
mental,"['psychiatry', 'psychiatrist', 'physiotherapist', 'floss', 'cigarette', 'dental']","['breakdown', 'asylum', 'psychiatry', 'psychiatrist', 'therapy', 'psychologist', 'treatment', 'therapist', 'psyche', 'wellness', 'hygiene']"
milkman,[],[]
clean,"['antiseptic', 'disinfectant', 'floss', 'dentist', 'toothpick', 'scrubs']","['neat', 'hygiene', 'sanitation', 'antiseptic', 'disinfectant', 'cleanse', 'cleansing', 'refresh', 'floss', 'dentist', 'toothpick']"
alright,[],['fine']
caregiver,"['provider', 'doctor']","['provider', 'nursing', 'doctor']"
potion,"['antidote', 'chemist', 'laboratory', 'drug', 'pill', 'fruit']","['remedy', 'antidote', 'tonic', 'lotion', 'chemist', 'laboratory', 'arsenic', 'drug', 'pill', 'fruit']"
safety,"['insured', 'social security', 'inspector', 'bike', 'bunk', 'protector']","['asylum', 'insured', 'social security', 'prevention', 'insure', 'first aid', 'inspector', 'hygiene', 'health', 'bike', 'bunk']"
wellbeing,['fitness'],"['health', 'wellness', 'psyche', 'prosperity', 'amino acid', 'healthcare', 'nourishment', 'fitness']"
vain,"['artery', 'aorta']","['artery', 'aorta', 'riches']"
bicycle,"['cyclist', 'bike']","['cycling', 'cyclist', 'bike', 'exercise', 'youth', 'eating', 'recycling']"
kidney,"['liver', 'organs', 'ulcer', 'lung']","['transplant', 'liver', 'organs', 'ulcer', 'disease', 'diabetes', 'lung']"
physiology,"['physiotherapist', 'aorta', 'thyroid', 'body']","['anatomy', 'physiotherapist', 'lymph', 'aorta', 'thyroid', 'dopamine', 'system', 'body']"
wellness,"['spa', 'fitness', 'yoga', 'turnip', 'antidote', 'medication']","['health', 'sickness', 'spa', 'treatment', 'recover', 'fitness', 'yoga', 'positivity', 'healthcare', 'turnip', 'antidote']"
hoarding,[],[]
tooth,"['dentist', 'dental', 'toothpick', 'root', 'teeth', 'floss']","['dentist', 'dental', 'toothpick', 'root', 'teeth', 'floss', 'youth', 'fingernail', 'fine']"
genetics,[],"['chromosome', 'gene', 'amino acid', 'physiology', 'immune']"
chemist,"['drugstore', 'pharmacy', 'laboratory']","['pharmacist', 'drugstore', 'pharmacy', 'microbe', 'laboratory']"
immunity,"['vaccination', 'antibiotic', 'vaccine']","['vaccination', 'lymph', 'infect', 'steroid', 'antibiotic', 'aids', 'vaccine']"
premium,['insured'],"['insured', 'insure', 'prime']"
dental,"['floss', 'tooth', 'teeth', 'dentist', 'clinic', 'toothpick']","['floss', 'hygiene', 'tooth', 'teeth', 'dentist', 'clinic', 'toothpick', 'assistant', 'healthcare', 'treatment', 'doctor']"
commune,['guru'],['guru']
psyche,['psychiatry'],"['psychiatry', 'physiology', 'mental']"
artichoke,"['leek', 'antidote']","['leek', 'antidote']"
antiseptic,"['disinfectant', 'antibiotic', 'hospital']","['disinfectant', 'sanitation', 'antibiotic', 'hygiene', 'medical', 'hospital']"
emergency,"['evacuate', 'medic', 'hospital', 'asthma', 'clinic', 'antidote']","['crisis', 'evacuate', 'medic', 'first aid', 'hospital', 'surgery', 'stroke', 'provision', 'healthcare', 'asthma', 'insulin']"
hospital,"['nurse', 'coma', 'scrubs', 'clinic', 'antiseptic', 'physician']","['nurse', 'coma', 'scrubs', 'patient', 'medical', 'clinic', 'nursing', 'treatment', 'recovery', 'healthcare', 'antiseptic']"
mandatory,[],[]
shake,"['protein', 'blender', 'frisk']","['protein', 'jog', 'blender', 'frisk', 'diet']"
guru,['yoga'],"['lifestyle', 'yoga']"
stethoscope,"['physician', 'doctor', 'nurse', 'scrubs', 'medicine', 'medic']","['physician', 'doctor', 'nurse', 'medical', 'scrubs', 'heartbeat', 'diagnose', 'medicine', 'vet', 'veterinarian', 'medic']"
nourish,[],"['succor', 'provision', 'flourish', 'nourishment', 'heal', 'eating', 'nurture']"
kelp,[],[]
cinnamon,"['gingerbread', 'apple']","['brown sugar', 'gingerbread', 'apple']"
worse,[],['improve']
okay,['insured'],"['fine', 'well', 'crisis', 'insured', 'sanitation', 'wellness', 'emergency', 'heartbeat', 'heal']"
herbal,"['laxative', 'medicine', 'herb']","['remedy', 'tonic', 'laxative', 'medicine', 'therapist', 'herb', 'lotion']"
lean,"['jogger', 'athlete', 'protein']","['thin', 'jogger', 'diet', 'athlete', 'protein']"
lotion,"['potion', 'moisture', 'massage', 'antiseptic', 'corporal', 'herbal']","['aloe', 'sunscreen', 'potion', 'moisture', 'massage', 'antiseptic', 'corporal', 'cleansing', 'herbal', 'tonic', 'promotion']"
gardener,[],[]
jog,"['run', 'jogger', 'swim', 'yoga']","['run', 'running', 'walk', 'workout', 'activity', 'jogger', 'fit', 'swim', 'work out', 'yoga', 'exercise']"
sunscreen,['protector'],"['lotion', 'protector']"
nurture,['nurse'],"['nature', 'care', 'nourish', 'flourish', 'caregiver', 'nourishment', 'remedy', 'growing', 'nurse']"
hemp,['herbal'],['herbal']
medication,"['pill', 'antibiotic', 'pharmacy', 'laxative', 'vaccination', 'psychiatry']","['pill', 'dose', 'antibiotic', 'pharmacy', 'blood pressure', 'depression', 'cortisone', 'laxative', 'insulin', 'pharmacist', 'vaccination']"
do well,[],"['prosper', 'flourish']"
fine,['lime'],"['well', 'citation', 'toll', 'decline', 'fiber', 'fit', 'sickness', 'lime']"
marriage,['ulcer'],"['lasting', 'do well', 'nag', 'ulcer', 'therapy', 'sickness', 'health']"
sport,"['athlete', 'fitness', 'jogger', 'cyclist', 'physiotherapist', 'physique']","['athletics', 'activity', 'athlete', 'fitness', 'steroid', 'jogger', 'cyclist', 'jogging', 'training', 'physiotherapist', 'physique']"
workout,"['fitness', 'physique', 'sweatpants', 'yoga', 'cyclist', 'spa']","['exercise', 'treadmill', 'fitness', 'physique', 'sweatpants', 'aerobics', 'jogging', 'endurance', 'yoga', 'vigor', 'recover']"
nitrogen,"['protein', 'calcium']","['amino acid', 'protein', 'calcium']"
cleanliness,"['disinfectant', 'clinic']","['hygiene', 'sanitation', 'disinfectant', 'cleansing', 'inspection', 'air conditioning', 'clinic', 'lotion']"
chocolate bar,[],[]
fit,"['athlete', 'physique', 'jogger', 'cyclist', 'fitness', 'climber']","['athlete', 'physique', 'jogger', 'athletics', 'cyclist', 'endurance', 'workout', 'exercise', 'lean', 'fitness', 'wellness']"
scare,[],"['hazard', 'illness']"
athlete,"['sport', 'jogger', 'cyclist', 'sweatpants', 'climber', 'physiotherapist']","['steroid', 'sport', 'jogger', 'stamina', 'cyclist', 'athletics', 'sweatpants', 'climber', 'endurance', 'cortisone', 'physiotherapist']"
damage,"['insured', 'coma']","['injure', 'heal', 'insured', 'prevention', 'infect', 'malfunction', 'chromosome', 'first aid', 'coma', 'illness', 'psychologist']"
spent,[],[]
run,"['jogger', 'evacuate', 'athlete', 'fitness', 'sport', 'gingerbread']","['jog', 'walk', 'jogger', 'treadmill', 'jogging', 'endurance', 'evacuate', 'exercise', 'workout', 'athlete', 'stamina']"
anemia,['bleed'],['bleed']
prostate,"['prostate', 'massage', 'semen']","['prostate', 'massage', 'semen']"
blood pressure,"['stethoscope', 'garlic', 'grapefruit']","['sodium', 'heartbeat', 'pulse', 'vital', 'stethoscope', 'garlic', 'exercise', 'grapefruit']"
prospect,[],"['prosper', 'forecast']"
cigar,"['cigarette', 'smoker', 'nicotine', 'cigar', 'lung']","['cigarette', 'smoker', 'nicotine', 'cigar', 'lung']"
prevention,"['vaccine', 'vaccination', 'antibiotic', 'social security']","['vaccine', 'vaccination', 'antibiotic', 'epidemic', 'social security', 'safety', 'remedy']"
conditions,[],['improve']
robust,[],"['immune', 'constitution', 'well']"
lime,"['juicer', 'orange juice']","['tonic', 'juicer', 'orange juice']"
woozy,[],['sick']
fatty,"['liver', 'cholesterol', 'junk food']","['lean', 'liver', 'cholesterol', 'junk food', 'frying', 'aloe', 'diet']"
aide,"['assistant', 'secretary', 'medic', 'nurse']","['assistant', 'caregiver', 'secretary', 'aid', 'medic', 'nurse', 'medical', 'nursing']"
vet,"['doctor', 'vaccine']","['veterinarian', 'doctor', 'vaccine']"
die,"['bleed', 'cancer', 'coma', 'cholesterol', 'sauna', 'grave']","['bleed', 'illness', 'stroke', 'cancer', 'damage', 'infect', 'transplant', 'coma', 'cholesterol', 'old age', 'sauna']"
scanner,[],['detector']
mandate,['mandatory'],['mandatory']
valuable,"['crystal', 'drug', 'rain forest']","['insure', 'crystal', 'vital', 'drug', 'premium', 'fine', 'rain forest']"
positivity,[],"['eagerness', 'vigor']"
surgery,"['scrubs', 'surgeon', 'hospital', 'organs', 'cyst', 'thyroid']","['hernia', 'transplant', 'scrubs', 'surgeon', 'hospital', 'organs', 'recovery', 'cyst', 'thyroid', 'heart', 'aorta']"
syndrome,[],"['chromosome', 'alcoholic', 'asylum']"
lasting,['survivor'],"['endurance', 'survivor', 'stamina', 'robust']"
rude,"['semen', 'cyclist', 'dentist', 'nurse']","['semen', 'cyclist', 'therapist', 'dentist', 'humans', 'nurse']"
better,"['juicer', 'athlete', 'potion']","['improve', 'recover', 'recovery', 'heal', 'remedy', 'premium', 'do well', 'prosper', 'prevention', 'brown sugar', 'cure']"
bunk,[],[]
greens,"['turnip', 'salad', 'leek', 'vegetarian', 'scrubs', 'parsley']","['turnip', 'salad', 'leek', 'vegetarian', 'scrubs', 'parsley', 'produce', 'nutritious', 'herbivore', 'herb', 'broccoli']"
crystal,['meth'],"['meth', 'brown sugar', 'sodium']"
nourishment,"['blueberry', 'grapefruit', 'vegetable']","['nourish', 'succor', 'eating', 'blueberry', 'grapefruit', 'vegetable']"
hormone,"['thyroid', 'liver']","['pituitary', 'cortisone', 'dopamine', 'thyroid', 'insulin', 'steroid', 'liver', 'therapy']"
alive,"['survivor', 'rain forest', 'heart']","['survivor', 'pulse', 'vital', 'heartbeat', 'life', 'growing', 'organism', 'vigor', 'organic', 'die', 'refresh']"
assistant,"['secretary', 'physician', 'dental', 'nurse']","['secretary', 'physician', 'dental', 'veterinarian', 'nurse', 'pharmacist', 'nursing']"
retirement,"['social security', 'walker']","['social security', 'old age', 'wealth', 'walker', 'benefit']"
vegetable,"['artichoke', 'broccoli', 'turnip', 'leek', 'asparagus', 'celery']","['artichoke', 'broccoli', 'turnip', 'leek', 'asparagus', 'celery', 'carrot', 'vegan', 'produce', 'fruit', 'root']"
humans,[],"['hormone', 'organism']"
weight,"['shake', 'obese', 'thyroid', 'fitness', 'fatty', 'body']","['diet', 'calorie', 'shake', 'treadmill', 'obese', 'work out', 'thyroid', 'diabetes', 'fitness', 'workout', 'steroid']"
decline,[],['die']
aura,['glowing'],"['positivity', 'glowing', 'psyche', 'wellness']"
vaccination,"['measles', 'vaccine']","['immune', 'injection', 'measles', 'flu', 'epidemic', 'vaccine']"
cyclist,"['bicycle', 'bike']","['bicycle', 'bike', 'training']"
dose,"['medication', 'drug', 'antibiotic', 'antidote']","['medication', 'drug', 'antibiotic', 'antidote']"
medical,"['clinic', 'doctor', 'physician', 'stethoscope', 'coma', 'cyst']","['treatment', 'clinic', 'first aid', 'doctor', 'physician', 'diagnose', 'stethoscope', 'examination', 'surgery', 'coma', 'cyst']"
aorta,"['artery', 'lung']","['artery', 'heartbeat', 'lung']"
infinite,[],"['astronomy', 'lasting', 'fine']"
drug,"['meth', 'nicotine', 'medicine', 'antibiotic', 'pill', 'medication']","['meth', 'dopamine', 'steroid', 'nicotine', 'dose', 'medicine', 'antibiotic', 'pill', 'medication', 'caffeine', 'pharmacist']"
bless,[],[]
refresh,[],"['hydrate', 'cleanse', 'cleansing', 'recover', 'air conditioning']"
welfare,['social security'],"['social security', 'benefit', 'healthcare', 'prosper', 'health', 'sick']"
cortisone,[],"['cortisone', 'steroid']"
condition,"['thyroid', 'aorta', 'physique', 'asthma', 'jogger', 'athlete']","['thyroid', 'syndrome', 'medical', 'aorta', 'physique', 'asthma', 'chromosome', 'jogger', 'shape', 'stroke', 'illness']"
nag,[],['worry']
illness,"['medication', 'leukemia', 'antibiotic', 'measles', 'cancer', 'hospital']","['sickness', 'syndrome', 'diagnose', 'disease', 'infection', 'recover', 'diabetes', 'medication', 'recovery', 'leukemia', 'mental']"
overcome,['survivor'],"['survivor', 'flourish', 'problem', 'depression']"
insure,[],[]
hiker,"['walker', 'climber']","['walker', 'climber']"
vital,"['organs', 'juice']","['youth', 'organs', 'vigor', 'caregiver', 'emergency', 'vital', 'juice', 'health', 'vitamin']"
aid,"['nurse', 'medicine', 'walker', 'antidote', 'secretary', 'assistant']","['succor', 'benefit', 'emergency', 'nurse', 'medicine', 'walker', 'antidote', 'recovery', 'secretary', 'assistant', 'social security']"
succor,[],"['aid', 'succor', 'nourishment']"
wealth,['providence'],"['prosperity', 'riches', 'prosper', 'health', 'luxury', 'lifestyle', 'providence', 'flourish', 'lasting', 'happiness', 'charity']"
services,[],['emergency']
sick,"['hospital', 'antibiotic', 'medicine', 'cancer', 'leukemia', 'thermometer']","['ill', 'illness', 'flu', 'hospital', 'disease', 'infection', 'woozy', 'patient', 'immune', 'infect', 'antibiotic']"
vaccine,"['measles', 'antidote', 'vaccination', 'medicine', 'antibiotic', 'medication']","['measles', 'immune', 'injection', 'flu', 'antidote', 'vaccination', 'medicine', 'cure', 'arsenic', 'epidemic', 'infect']"
blindness,[],"['sickness', 'diabetes']"
nutritious,"['broccoli', 'protein', 'soup']","['succor', 'broccoli', 'protein', 'vitamin', 'soup']"
contraception,"['pill', 'protector']","['pill', 'prevention', 'protector']"
promotion,['corporal'],"['promote', 'prevention', 'corporal', 'do well']"
aesthetics,['physique'],['physique']
moisture,['rain forest'],"['lotion', 'rain forest']"
floss,"['dental', 'toothpick', 'teeth', 'dentist', 'tooth']","['dental', 'toothpick', 'teeth', 'dentist', 'tooth', 'mental']"
nicotine,"['smoker', 'cigarette', 'caffeine']","['smoker', 'cigarette', 'caffeine']"
well,"['shake', 'medicine', 'doctor']","['recover', 'sick', 'fit', 'fine', 'recovery', 'immune', 'ill', 'flourish', 'prosper', 'heal', 'illness']"
essential,"['protein', 'mandatory', 'survivor', 'kidney']","['vital', 'healthcare', 'heartbeat', 'protein', 'vitamin', 'amino acid', 'services', 'mandatory', 'enzyme', 'sunscreen', 'hygiene']"
hernia,['ulcer'],['ulcer']
diet,"['gluten', 'protein', 'vegetarian', 'cholesterol', 'vegan', 'juicer']","['calorie', 'regime', 'fiber', 'gluten', 'diabetes', 'protein', 'vegetarian', 'weight', 'cleanse', 'cholesterol', 'nutritious']"
hydrate,[],"['refresh', 'lotion']"
obscure,[],[]
detector,['inspector'],"['inspector', 'scanner']"
obese,"['fatty', 'gluten', 'junk food', 'fitness', 'tummy']","['fatty', 'weight', 'diabetes', 'treadmill', 'robust', 'diet', 'gluten', 'junk food', 'fitness', 'tummy']"
organism,[],"['microbe', 'enzyme']"
pharmacist,"['chemist', 'drugstore', 'pharmacy', 'antidote']","['chemist', 'drugstore', 'pharmacy', 'antidote']"
social security,[],['benefit']
physician,"['doctor', 'surgeon', 'medic', 'stethoscope']","['doctor', 'surgeon', 'medic', 'diagnose', 'stethoscope']"
advocate,['advocate'],"['advocate', 'promote', 'charity']"
glucose,"['crystal', 'wheat']","['diabetes', 'insulin', 'brown sugar', 'crystal', 'wheat']"
cure,"['antidote', 'vaccine', 'medicine', 'antibiotic', 'cancer', 'vaccination']","['remedy', 'antidote', 'prevention', 'heal', 'treatment', 'vaccine', 'medicine', 'disease', 'tonic', 'antibiotic', 'cancer']"
opt,[],[]
peanut butter,"['celery', 'honey']","['celery', 'honey']"
apple,"['fruit', 'juice', 'pear', 'pomegranate', 'cinnamon', 'juicer']","['fruit', 'juice', 'pear', 'pomegranate', 'cinnamon', 'nutritious', 'juicer', 'orange juice', 'produce', 'blueberry', 'arsenic']"
survivor,[],"['immune', 'brave']"
liver,"['organs', 'kidney', 'colon', 'lung']","['organs', 'kidney', 'transplant', 'insulin', 'cleansing', 'colon', 'alcoholic', 'disease', 'lung']"
yogurt,"['granola', 'yoghurt', 'blueberry', 'yoga', 'junk food', 'protein']","['granola', 'yoghurt', 'enzyme', 'blueberry', 'yoga', 'amino acid', 'diet', 'aid', 'junk food', 'protein', 'blender']"
teeth,"['floss', 'dentist', 'dental', 'toothpick', 'calcium', 'tooth']","['floss', 'dentist', 'dental', 'toothpick', 'calcium', 'hygiene', 'tooth', 'eating', 'herbivore', 'artichoke', 'scare']"
mobility,[],"['activity', 'aids', 'promotion']"
